Model,MSE,R²
XGBoost,896.3442261521257,0.05411379673137473
Random Forest,902.128777481263,0.04800952659196789
MLP (Neural Network),911.5942786426677,0.03802085628610663
Linear Regression,912.9983405945,0.036539190214051054
LightGBM,913.2738432128425,0.0362484602488754
Gradient Boosting,919.724803504327,0.02944094795670238
SVM,942.4836264065115,0.005424218716169826
